Classifiers,LIMIT_BAL,SEX,EDUCATION,MARRIAGE,AGE,PAY_0,PAY_2,PAY_3,PAY_4,PAY_5,PAY_6,BILL_AMT1,BILL_AMT2,BILL_AMT3,BILL_AMT4,BILL_AMT5,BILL_AMT6,PAY_AMT1,PAY_AMT2,PAY_AMT3,PAY_AMT4,PAY_AMT5,PAY_AMT6
Boruta Feature Selection,11,17,17,19,13,1,1,4,7,13,16,4,9,10,8,2,2,1,1,11,3,6,15
Recursive Feature Elimination,20,2,8,6,10,1,4,3,7,9,5,18,23,19,14,22,15,11,12,17,13,16,21
Select K Best,72.24124330104895,54.216756935846355,43.401010804429646,32.59651521804138,26.71965517804711,18.520440549140634,7.636618910203978,7.321213540655713,5.4231490486033875,5.175108766432671,4.46914299592325,2.9870769002199262,1.878942923039432,0.4121993906512228,0.4116944370400704,0.384723255088317,0.3754509071274085,0.11897871452479551,0.08246395265858272,0.05657035436855483,0.027946817746974793,0.009343871609791962,0.004724459811879877
Random Forest Classifier,0.060691340087229165,0.015719329162135545,0.021827538333528237,0.013635937630421702,0.06696922435914943,0.06914847709089766,0.041943717691837176,0.02590166207585787,0.023360484977729867,0.02177345084831079,0.016288860418749964,0.06301899056409405,0.053429532600613894,0.05292490113229227,0.0514134130674657,0.0521247009625298,0.05427641529139608,0.05736723375833668,0.05113573383134821,0.04465927343024376,0.04733352112882266,0.04843905126671747,0.04661721029029035
Extra Trees Classifier,0.05685198457152098,0.01966641924980649,0.034567575074487635,0.030809035148897226,0.06366038890451355,0.06973811725889166,0.052556369477253354,0.037898449259747474,0.0366399401887994,0.03586317766088571,0.028370715372780273,0.04645733019625539,0.042531576937179266,0.044504846143399716,0.04486571361235699,0.045344126063876854,0.043678745059842705,0.042383794205441895,0.04314768263308122,0.044171593227173886,0.042378678466911734,0.04443400361790869,0.04947973766898791
Correlation With Target,-0.09030635043293739,-0.010131600313421427,0.03424436179573923,-0.038352406009300795,0.01922799603418994,0.2884127682965606,0.2035655088184938,0.19324396907616628,0.1686783750345436,0.18188675580358393,0.14388956716725348,0.008234026168266682,0.011088308870032275,0.012613713370502964,0.01655482406427561,0.011377600109212826,0.010956381186878977,-0.08172780272444016,-0.06783998707776621,-0.023329139148964024,-0.06082336608713466,-0.029047056326169825,-0.0356522557168712
